{"cameraMode":{"drawMode":0,"name":"Shaded","section":"Shading Mode"},"sceneLighting":false,"audioPlay":false,"sceneViewState":{"showFog":true,"showMaterialUpdate":true,"showSkybox":false,"showFlares":true,"showImageEffects":true,"showParticleSystems":true},"in2DMode":false,"pivot":{"x":-1.884796142578125,"y":16.97983741760254,"z":-55.39306640625},"rotation":{"x":0.0015730105806142092,"y":-0.9943827390670776,"z":0.10479580610990524,"w":0.014913092367351056},"size":28.864360809326173,"orthographic":false}