{"cameraMode":{"drawMode":0,"name":"Shaded","section":"Shading Mode"},"sceneLighting":false,"audioPlay":false,"sceneViewState":{"showFog":true,"showMaterialUpdate":true,"showSkybox":false,"showFlares":true,"showImageEffects":true,"showParticleSystems":true},"in2DMode":false,"pivot":{"x":-0.39500105381011965,"y":0.37812504172325137,"z":-2.196730613708496},"rotation":{"x":0.2564961910247803,"y":-0.02725563757121563,"z":0.007236715406179428,"w":0.966136634349823},"size":2.553248405456543,"orthographic":true}