{"cameraMode":{"drawMode":0,"name":"Shaded","section":"Shading Mode"},"sceneLighting":false,"audioPlay":false,"sceneViewState":{"showFog":true,"showMaterialUpdate":true,"showSkybox":false,"showFlares":true,"showImageEffects":true,"showParticleSystems":true},"in2DMode":false,"pivot":{"x":-0.03815731406211853,"y":9.516727447509766,"z":-21.282672882080079},"rotation":{"x":0.0015730105806142092,"y":-0.9943827390670776,"z":0.10479580610990524,"w":0.014913092367351056},"size":-6.930386543273926,"orthographic":false}