{"cameraMode":{"drawMode":0,"name":"Shaded","section":"Shading Mode"},"sceneLighting":false,"audioPlay":false,"sceneViewState":{"showFog":true,"showMaterialUpdate":true,"showSkybox":false,"showFlares":true,"showImageEffects":true,"showParticleSystems":true},"in2DMode":false,"pivot":{"x":3.927973508834839,"y":-1.8857038021087647,"z":2.2696051597595217},"rotation":{"x":0.35752686858177187,"y":0.36052635312080386,"z":-0.1520034223794937,"w":0.847992479801178},"size":15.614799499511719,"orthographic":false}