{"cameraMode":{"drawMode":0,"name":"Shaded","section":"Shading Mode"},"sceneLighting":false,"audioPlay":false,"sceneViewState":{"showFog":true,"showMaterialUpdate":true,"showSkybox":false,"showFlares":true,"showImageEffects":true,"showParticleSystems":true},"in2DMode":false,"pivot":{"x":685.59033203125,"y":4.4972381591796879,"z":3565.171630859375},"rotation":{"x":0.0012232086155563593,"y":-0.9980625510215759,"z":0.059354837983846667,"w":0.020655132830142976},"size":12818.904296875,"orthographic":true}