{"cameraMode":{"drawMode":0,"name":"Shaded","section":"Shading Mode"},"sceneLighting":false,"audioPlay":false,"sceneViewState":{"showFog":true,"showMaterialUpdate":true,"showSkybox":false,"showFlares":true,"showImageEffects":true,"showParticleSystems":true},"in2DMode":false,"pivot":{"x":2.008300542831421,"y":1.8197754621505738,"z":-3.953906536102295},"rotation":{"x":0.1196281760931015,"y":-0.037221577018499377,"z":0.004488238133490086,"w":0.9921122789382935},"size":9.924894332885743,"orthographic":true}