{"cameraMode":{"drawMode":0,"name":"Shaded","section":"Shading Mode"},"sceneLighting":false,"audioPlay":false,"sceneViewState":{"showFog":true,"showMaterialUpdate":true,"showSkybox":false,"showFlares":true,"showImageEffects":true,"showParticleSystems":true},"in2DMode":false,"pivot":{"x":0.0047760009765625,"y":11.044828414916993,"z":20.725936889648439},"rotation":{"x":0.07448823004961014,"y":-0.1080845445394516,"z":0.008121045306324959,"w":0.9913212060928345},"size":205.76637268066407,"orthographic":true}