{"cameraMode":{"drawMode":0,"name":"Shaded","section":"Shading Mode"},"sceneLighting":false,"audioPlay":false,"sceneViewState":{"showFog":true,"showMaterialUpdate":true,"showSkybox":false,"showFlares":true,"showImageEffects":true,"showParticleSystems":true},"in2DMode":false,"pivot":{"x":2.7227401733398439,"y":11.949466705322266,"z":-62.500633239746097},"rotation":{"x":0.0015730105806142092,"y":-0.9943827390670776,"z":0.10479580610990524,"w":0.014913092367351056},"size":14.810495376586914,"orthographic":false}