{"cameraMode":{"drawMode":0,"name":"Shaded","section":"Shading Mode"},"sceneLighting":false,"audioPlay":false,"sceneViewState":{"showFog":true,"showMaterialUpdate":true,"showSkybox":false,"showFlares":true,"showImageEffects":true,"showParticleSystems":true},"in2DMode":false,"pivot":{"x":0.4699997901916504,"y":2.595506429672241,"z":-0.6100001335144043},"rotation":{"x":-0.25739818811416628,"y":-0.6439622640609741,"z":0.24460677802562715,"w":-0.6776885390281677},"size":28.644168853759767,"orthographic":true}