{"cameraMode":{"drawMode":0,"name":"Shaded","section":"Shading Mode"},"sceneLighting":true,"audioPlay":false,"sceneViewState":{"showFog":true,"showMaterialUpdate":true,"showSkybox":true,"showFlares":true,"showImageEffects":true,"showParticleSystems":true},"in2DMode":false,"pivot":{"x":1.00510573387146,"y":4.027948379516602,"z":-8.611072540283204},"rotation":{"x":-0.1450398713350296,"y":0.13815052807331086,"z":-0.02044333703815937,"w":-0.9795394539833069},"size":7.930280685424805,"orthographic":true}