{"cameraMode":{"drawMode":0,"name":"Shaded","section":"Shading Mode"},"sceneLighting":false,"audioPlay":false,"sceneViewState":{"showFog":true,"showMaterialUpdate":true,"showSkybox":false,"showFlares":true,"showImageEffects":true,"showParticleSystems":true},"in2DMode":false,"pivot":{"x":1.3163223266601563,"y":12.358868598937989,"z":-58.47999572753906},"rotation":{"x":0.1954967975616455,"y":0.3718658685684204,"z":-0.08042650669813156,"w":0.9038994908332825},"size":24.168926239013673,"orthographic":true}